"school","address","public_vs_private","school_type","greatschools_rating","greatschools_rating_as_of","greatschools_profile_url","private_staffing_proxy_rating","private_staffing_proxy_basis","rating_notes","cds_code","latitude","longitude","geocode_matched_address","geocode_match_method","geocode_source","geocode_data_as_of"
"Academy (The)- SF @McAteer","555 Portola Dr., San Francisco, CA 94131","Public","High School","7","2026-09-22","https://www.greatschools.org/california/san-francisco/25079-Academy-Of-Arts-And-Sciences/","","","Current GreatSchools rating retrieved 2026-09-22","38684780119958","37.7453842","-122.4496488","555 PORTOLA DR","Exact DataSF address","DataSF Enterprise Addressing System","2026-09-21"
"Alamo Elementary","250 23rd Ave., San Francisco, CA 94121","Public","Elementary School","9","2026-09-22","https://www.greatschools.org/california/san-francisco/6335-Alamo-Elementary-School/","","","Current GreatSchools rating retrieved 2026-09-22","38684786040695","37.7830834","-122.4825783","250 23RD AVE","Exact DataSF address","DataSF Enterprise Addressing System","2026-09-21"
"Alvarado Elementary","625 Douglas St., San Francisco, CA 94114","Public","Elementary School","8","2026-09-22","https://www.greatschools.org/california/san-francisco/6336-Alvarado-Elementary-School/","","","Current GreatSchools rating retrieved 2026-09-22","38684786040703","37.7537507","-122.4385858","625 DOUGLASS ST","DataSF normalized street match","DataSF Enterprise Addressing System","2026-09-21"
"Aptos Middle","105 Aptos Ave., San Francisco, CA 94127","Public","Middle School","7","2026-09-22","https://www.greatschools.org/california/san-francisco/6337-Aptos-Middle-School/","","","Current GreatSchools rating retrieved 2026-09-22","38684786062020","37.7297656","-122.4662595","105 APTOS AVE","Exact DataSF address","DataSF Enterprise Addressing System","2026-09-21"
"Argonne Elementary","680 18th Ave., San Francisco, CA 94121","Public","Elementary School","9","2026-09-22","https://www.greatschools.org/california/san-francisco/6338-Argonne-Elementary-School/","","","Current GreatSchools rating retrieved 2026-09-22","38684786040737","37.7753944","-122.4766192","680 18TH AVE","Exact DataSF address","DataSF Enterprise Addressing System","2026-09-21"
"Asawa (Ruth) SF Sch of the Arts, A Public School","555 Portola Dr., San Francisco, CA 94131","Public","High School","10","2026-09-22","https://www.greatschools.org/california/san-francisco/6339-Asawa-Ruth-San-Francisco-School-Of-The-Arts-A-Public-School./","","","Current GreatSchools rating retrieved 2026-09-22","38684783830387","37.7453842","-122.4496488","555 PORTOLA DR","Exact DataSF address","DataSF Enterprise Addressing System","2026-09-21"
"Balboa High","1000 Cayuga Ave., San Francisco, CA 94112","Public","High School","8","2026-09-22","https://www.greatschools.org/california/san-francisco/6340-Balboa-High-School/","","","Current GreatSchools rating retrieved 2026-09-22","38684783830288","37.7220001","-122.4404121","1000 CAYUGA AVE","Exact DataSF address","DataSF Enterprise Addressing System","2026-09-21"
"Brown Jr. (Willie L) Middle","2055 Silver Ave., San Francisco, CA 94122","Public","Middle School","6","2026-09-22","https://www.greatschools.org/california/san-francisco/32187-Brown-Jr.-Willie-L-Middle/","","","Current GreatSchools rating retrieved 2026-09-22","38684780132241","37.7364068","-122.3988863","2055 SILVER AVE","Exact DataSF address; source ZIP differs","DataSF Enterprise Addressing System","2026-09-21"
"Bryant Elementary","2641 25th St., San Francisco, CA 94110","Public","Elementary School","4","2026-09-22","https://www.greatschools.org/california/san-francisco/6341-Bryant-Elementary-School/","","","Current GreatSchools rating retrieved 2026-09-22","38684786040778","37.7517008","-122.4049502","2641 25TH ST","Exact DataSF address","DataSF Enterprise Addressing System","2026-09-21"
"Buena Vista/ Horace Mann K-8","3351 23rd St., San Francisco, CA 94110","Public","Elementary School","3","2026-09-22","https://www.greatschools.org/california/san-francisco/6399-Buena-Vista--Horace-Mann-K-8/","","","Current GreatSchools rating retrieved 2026-09-22","38684786062046","37.7535681","-122.4202769","3351 23RD ST","Exact DataSF address","DataSF Enterprise Addressing System","2026-09-21"
"Burton (Phillip and Sala) Academic High","400 Mansell St., San Francisco, CA 94134","Public","High School","7","2026-09-22","https://www.greatschools.org/california/san-francisco/6344-Burton-Phillip-And-Sala-Academic-High-School/","","","Current GreatSchools rating retrieved 2026-09-22","38684783830254","37.7212647","-122.4062976","400 MANSELL ST","Exact DataSF address","DataSF Enterprise Addressing System","2026-09-21"
"Carmichael (Bessie)/FEC","375 Seventh St., San Francisco, CA 94103","Public","Elementary School","2","2026-09-22","https://www.greatschools.org/california/san-francisco/6346-Carmichael-Bessie-Fec/","","","Current GreatSchools rating retrieved 2026-09-22","38684786040752","37.7760912","-122.406448","375 07TH ST","DataSF normalized street match","DataSF Enterprise Addressing System","2026-09-21"
"Carver (George Washington) Elementary","1360 Oakdale Ave., San Francisco, CA 94124","Public","Elementary School","1","2026-09-22","https://www.greatschools.org/california/san-francisco/6347-Carver-George-Washington-Elementary-School/","","","Current GreatSchools rating retrieved 2026-09-22","38684786093496","37.7318978","-122.3856299","1360 OAKDALE AVE","Exact DataSF address","DataSF Enterprise Addressing System","2026-09-21"
"Chavez (Cesar) Elementary","825 Shotwell St., San Francisco, CA 94110","Public","Elementary School","3","2026-09-22","https://www.greatschools.org/california/san-francisco/6348-Chavez-Cesar-Elementary-School/","","","Current GreatSchools rating retrieved 2026-09-22","38684786041149","37.7551594","-122.4153082","825 SHOTWELL ST","Exact DataSF address","DataSF Enterprise Addressing System","2026-09-21"
"Chin (John Yehall) Elementary","350 Broadway St., San Francisco, CA 94133","Public","Elementary School","7","2026-09-22","https://www.greatschools.org/california/san-francisco/6349-Chin-John-Yehall-Elementary-School/","","","Current GreatSchools rating retrieved 2026-09-22","38684786113252","37.798454","-122.403076","350 BROADWAY","DataSF normalized street match","DataSF Enterprise Addressing System","2026-09-21"
"Chinese Immersion School at DeAvila","1250 Waller St., San Francisco, CA 94117","Public","Elementary School","10","2026-09-22","https://www.greatschools.org/california/san-francisco/25096-Chinese-Immersion-School-At-Deavila/","","","Current GreatSchools rating retrieved 2026-09-22","38684780120386","37.7695814","-122.4442756","1250 WALLER ST","Exact DataSF address","DataSF Enterprise Addressing System","2026-09-21"
"City Arts & Leadership Academy","350 Seneca Ave., San Francisco, CA 94112","Public","High School","5","2026-09-22","https://www.greatschools.org/california/san-francisco/13756-City-Arts-And-Tech-High-School/","","","Current GreatSchools rating retrieved 2026-09-22","38684780107300","37.721452","-122.4449786","350 SENECA AVE","Exact DataSF address","DataSF Enterprise Addressing System","2026-09-21"
"Clarendon Alternative Elementary","500 Clarendon Ave., San Francisco, CA 94131","Public","Elementary School","9","2026-09-22","https://www.greatschools.org/california/san-francisco/6351-Clarendon-Alternative-Elementary-School/","","","Current GreatSchools rating retrieved 2026-09-22","38684786040828","37.7535369","-122.4561128","500 CLARENDON AVE","Exact DataSF address","DataSF Enterprise Addressing System","2026-09-21"
"Cleveland Elementary","455 Athens St., San Francisco, CA 94112","Public","Elementary School","3","2026-09-22","https://www.greatschools.org/california/san-francisco/6352-Cleveland-Elementary-School/","","","Current GreatSchools rating retrieved 2026-09-22","38684786040836","37.7206209","-122.4289617","455 ATHENS ST","Exact DataSF address","DataSF Enterprise Addressing System","2026-09-21"
"Cobb (William L.) Elementary","2725 California St., San Francisco, CA 94115","Public","Elementary School","3","2026-09-22","https://www.greatschools.org/california/san-francisco/6353-Cobb-William-L.-Elementary-School/","","","Current GreatSchools rating retrieved 2026-09-22","38684786040968","37.7880257","-122.4395248","2725 CALIFORNIA ST","Exact DataSF address","DataSF Enterprise Addressing System","2026-09-21"
"Creative Arts Charter","1601 Turk St., San Francisco, CA 94115","Public","Elementary School","8","2026-09-22","https://www.greatschools.org/california/san-francisco/6355-Creative-Arts-Charter-School/","","","Current GreatSchools rating retrieved 2026-09-22","38684786112601","37.779881","-122.435896","1601 TURK ST","Exact DataSF address","DataSF Enterprise Addressing System","2026-09-21"
"Denman (James) Middle","241 Oneida Ave., San Francisco, CA 94112","Public","Middle School","4","2026-09-22","https://www.greatschools.org/california/san-francisco/6358-Denman-James-Middle-School/","","","Current GreatSchools rating retrieved 2026-09-22","38684786059869","37.721741","-122.4429046","241 ONEIDA AVE","Exact DataSF address","DataSF Enterprise Addressing System","2026-09-21"
"Downtown High","693 Vermont St., San Francisco, CA 94107","Public","High School","1","2026-09-22","https://www.greatschools.org/california/san-francisco/6359-Downtown-High-School/","","","Current GreatSchools rating retrieved 2026-09-22","38684783830064","37.7613489","-122.4039716","693 VERMONT ST","Exact DataSF address","DataSF Enterprise Addressing System","2026-09-21"
"Drew (Charles) College Preparatory Academy","50 Pomona Ave., San Francisco, CA 94124","Public","Elementary School","4","2026-09-22","https://www.greatschools.org/california/san-francisco/6360-Drew-Charles-College-Preparatory-Academy/","","","Current GreatSchools rating retrieved 2026-09-22","38684786104673","37.7317448","-122.3935151","50 POMONA ST, SAN FRANCISCO, CA, 94124","US Census address match","US Census Geocoder Public_AR_Current","2026-09-22"
"El Dorado Elementary","70 Delta St., San Francisco, CA 94134","Public","Elementary School","1","2026-09-22","https://www.greatschools.org/california/san-francisco/6362-El-Dorado-Elementary-School/","","","Current GreatSchools rating retrieved 2026-09-22","38684786040950","37.7186202","-122.4071545","70 DELTA ST","Exact DataSF address","DataSF Enterprise Addressing System","2026-09-21"
"Everett Middle","450 Church St., San Francisco, CA 94114","Public","Middle School","1","2026-09-22","https://www.greatschools.org/california/san-francisco/6363-Everett-Middle-School/","","","Current GreatSchools rating retrieved 2026-09-22","38684786062038","37.7636877","-122.4288621","450 CHURCH ST","Exact DataSF address","DataSF Enterprise Addressing System","2026-09-21"
"Feinstein (Dianne) Elementary","2550 25th Ave., San Francisco, CA 94116","Public","Elementary School","8","2026-09-22","https://www.greatschools.org/california/san-francisco/16863-Feinstein-Dianne-Elementary-School/","","","Current GreatSchools rating retrieved 2026-09-22","38684780111427","37.7396152","-122.4817597","2550 25TH AVE","Exact DataSF address","DataSF Enterprise Addressing System","2026-09-21"
"Five Keys Charter (SF Sheriff's)","70 Oak Grove St., San Francisco, CA 94107","Public","High School","1","2026-09-22","https://www.greatschools.org/california/san-bruno/12372-Five-Keys-Charter-SF-SheriffS-School/","","","Current GreatSchools rating retrieved 2026-09-22","38684780101774","37.7772273","-122.4020997","70 OAK GROVE ST","Exact DataSF address","DataSF Enterprise Addressing System","2026-09-21"
"Five Keys Independence HS (SF Sheriff's)","70 Oak Grove, San Francisco, CA 94107","Public","High School","3","2026-09-22","https://www.greatschools.org/california/san-francisco/24794-Five-Keys-Independence-High-School-Sf-Sheriffs/","","","Current GreatSchools rating retrieved 2026-09-22","38684780118141","37.7772273","-122.4020997","70 OAK GROVE ST","DataSF normalized street match","DataSF Enterprise Addressing System","2026-09-21"
"Flynn (Leonard R.) Elementary","3125 Cesar Chavez St., San Francisco, CA 94110","Public","Elementary School","4","2026-09-22","https://www.greatschools.org/california/san-francisco/6366-Flynn-Leonard-R.-Elementary-School/","","","Current GreatSchools rating retrieved 2026-09-22","38684786041347","37.748127","-122.4120157","3125 CESAR CHAVEZ ST","Exact DataSF address","DataSF Enterprise Addressing System","2026-09-21"
"Francisco Middle","2190 Powell St., San Francisco, CA 94133","Public","Middle School","5","2026-09-22","https://www.greatschools.org/california/san-francisco/6367-Francisco-Middle-School/","","","Current GreatSchools rating retrieved 2026-09-22","38684786059844","37.8046952","-122.4115922","2190 POWELL ST","Exact DataSF address","DataSF Enterprise Addressing System","2026-09-21"
"Galileo High","1150 Francisco St., San Francisco, CA 94109","Public","High School","7","2026-09-22","https://www.greatschools.org/california/san-francisco/6369-Galileo-High-School/","","","Current GreatSchools rating retrieved 2026-09-22","38684783831765","37.8037903","-122.4241452","1150 FRANCISCO ST","Exact DataSF address","DataSF Enterprise Addressing System","2026-09-21"
"Garfield Elementary","420 Filbert St., San Francisco, CA 94133","Public","Elementary School","9","2026-09-22","https://www.greatschools.org/california/san-francisco/6370-Garfield-Elementary-School/","","","Current GreatSchools rating retrieved 2026-09-22","38684786041040","37.8018891","-122.4066337","420 FILBERT ST","Exact DataSF address","DataSF Enterprise Addressing System","2026-09-21"
"Gateway High","1430 Scott St., San Francisco, CA 94115","Public","High School","8","2026-09-22","https://www.greatschools.org/california/san-francisco/6371-Gateway-High-School/","","","Current GreatSchools rating retrieved 2026-09-22","38684783830437","37.7832202","-122.4370246","1430 SCOTT ST","Exact DataSF address","DataSF Enterprise Addressing System","2026-09-21"
"Gateway Middle","1512 Golden Gate Ave., San Francisco, CA 94115","Public","Middle School","6","2026-09-22","https://www.greatschools.org/california/san-francisco/25633-Gateway-Middle-School/","","","Current GreatSchools rating retrieved 2026-09-22","38684780123265","37.7792843","-122.435966","1512 GOLDEN GATE AVE","Exact DataSF address","DataSF Enterprise Addressing System","2026-09-21"
"Giannini (A.P.) Middle","3151 Ortega St., San Francisco, CA 94122","Public","Middle School","8","2026-09-22","https://www.greatschools.org/california/san-francisco/6372-Giannini-A.P.-Middle-School/","","","Current GreatSchools rating retrieved 2026-09-22","38684786059828","37.7508317","-122.496874","3151 ORTEGA ST","Exact DataSF address; source ZIP differs","DataSF Enterprise Addressing System","2026-09-21"
"Glen Park Elementary","151 Lippard Ave., San Francisco, CA 94131","Public","Elementary School","6","2026-09-22","https://www.greatschools.org/california/san-francisco/6373-Glen-Park-Elementary-School/","","","Current GreatSchools rating retrieved 2026-09-22","38684786041073","37.7331842","-122.4359294","151 LIPPARD AVE","Exact DataSF address","DataSF Enterprise Addressing System","2026-09-21"
"Grattan Elementary","165 Grattan St., San Francisco, CA 94117","Public","Elementary School","9","2026-09-22","https://www.greatschools.org/california/san-francisco/6375-Grattan-Elementary-School/","","","Current GreatSchools rating retrieved 2026-09-22","38684786041115","37.7637748","-122.4504685","165 GRATTAN ST","Exact DataSF address","DataSF Enterprise Addressing System","2026-09-21"
"Guadalupe Elementary","859 Prague St., San Francisco, CA 94112","Public","Elementary School","5","2026-09-22","https://www.greatschools.org/california/san-francisco/6376-Guadalupe-Elementary-School/","","","Current GreatSchools rating retrieved 2026-09-22","38684786041123","37.7102115","-122.4347009","859 PRAGUE ST","Exact DataSF address","DataSF Enterprise Addressing System","2026-09-21"
"Harte (Bret) Elementary","1035 Gilman Ave., San Francisco, CA 94124","Public","Elementary School","2","2026-09-22","https://www.greatschools.org/california/san-francisco/6377-Harte-Bret-Elementary-School/","","","Current GreatSchools rating retrieved 2026-09-22","38684786040760","37.7179558","-122.388948","1035 GILMAN AVE","Exact DataSF address","DataSF Enterprise Addressing System","2026-09-21"
"Hillcrest Elementary","810 Silver Ave., San Francisco, CA 94134","Public","Elementary School","3","2026-09-22","https://www.greatschools.org/california/san-francisco/6379-Hillcrest-Elementary-School/","","","Current GreatSchools rating retrieved 2026-09-22","38684786041156","37.7288136","-122.419129","810 SILVER AVE","Exact DataSF address","DataSF Enterprise Addressing System","2026-09-21"
"Hoover (Herbert) Middle","2290 14th Ave., San Francisco, CA 94116","Public","Middle School","7","2026-09-22","https://www.greatschools.org/california/san-francisco/6378-Hoover-Herbert-Middle-School/","","","Current GreatSchools rating retrieved 2026-09-22","38684786059851","37.7453972","-122.4698818","2290 14TH AVE","Exact DataSF address","DataSF Enterprise Addressing System","2026-09-21"
"Huerta (Dolores) Elementary","65 Chenery St., San Francisco, CA 94131","Public","Elementary School","7","2026-09-22","https://www.greatschools.org/california/san-francisco/6364-Fairmount-Elementary-School/","","","Current GreatSchools rating retrieved 2026-09-22","38684786040984","37.7403432","-122.4254489","65 CHENERY ST","Exact DataSF address","DataSF Enterprise Addressing System","2026-09-21"
"Independence High","1350 7th Ave., San Francisco, CA 94122","Public","High School","5","2026-09-22","https://www.greatschools.org/california/san-francisco/11136-Independence-High-School/","","","Current GreatSchools rating retrieved 2026-09-22","38684783830197","37.7631839","-122.4640314","1350 7TH AVE, SAN FRANCISCO, CA, 94122","US Census address match","US Census Geocoder Public_AR_Current","2026-09-22"
"Jefferson Elementary","1725 Irving St., San Francisco, CA 94122","Public","Elementary School","8","2026-09-22","https://www.greatschools.org/california/san-francisco/6384-Jefferson-Elementary-School/","","","Current GreatSchools rating retrieved 2026-09-22","38684786041230","37.763141","-122.476539","1725 IRVING ST","Exact DataSF address","DataSF Enterprise Addressing System","2026-09-21"
"Jordan (June) School for Equity","325 La Grande Ave., San Francisco, CA 94112","Public","High School","3","2026-09-22","https://www.greatschools.org/california/san-francisco/12283-Jordan-June-School-For-Equity/","","","Current GreatSchools rating retrieved 2026-09-22","38684780102103","37.7194999","-122.4253944","325 LA GRANDE AVE","Exact DataSF address","DataSF Enterprise Addressing System","2026-09-21"
"Key (Francis Scott) Elementary","1530 43rd Ave., San Francisco, CA 94122","Public","Elementary School","9","2026-09-22","https://www.greatschools.org/california/san-francisco/6385-Key-Francis-Scott-Elementary-School/","","","Current GreatSchools rating retrieved 2026-09-22","38684786041008","37.7580977","-122.5019995","1530 43RD AVE","Exact DataSF address","DataSF Enterprise Addressing System","2026-09-21"
"King (Thomas Starr) Elementary","1215 Carolina St., San Francisco, CA 94107","Public","Elementary School","6","2026-09-22","https://www.greatschools.org/california/san-francisco/6435-King-Starr-Elementary-School/","","","Current GreatSchools rating retrieved 2026-09-22","38684786041602","37.7526865","-122.3987068","1215 CAROLINA ST","Exact DataSF address","DataSF Enterprise Addressing System","2026-09-21"
"King Jr. (Martin Luther) Academic Middle","350 Girard St., San Francisco, CA 94134","Public","Middle School","3","2026-09-22","https://www.greatschools.org/california/san-francisco/6386-King-Jr.-Martin-Luther-Academic-Middle-School/","","","Current GreatSchools rating retrieved 2026-09-22","38684786059885","37.7277718","-122.4054868","350 GIRARD ST","Exact DataSF address","DataSF Enterprise Addressing System","2026-09-21"
"KIPP Bayview Academy","1060 Key Ave., San Francisco, CA 94124","Public","Middle School","8","2026-09-22","https://www.greatschools.org/california/san-francisco/12638-KIPP-Bayview-Academy/","","","Current GreatSchools rating retrieved 2026-09-22","38684780101337","37.7193509","-122.395958","1060 KEY AVE","Exact DataSF address","DataSF Enterprise Addressing System","2026-09-21"
"KIPP Bayview Elementary","948 Hollister Ave., San Francisco, CA 94124","Public","Elementary School","5","2026-09-22","https://www.greatschools.org/california/san-francisco/33328-KIPP-Bayview-Elementary/","","","Current GreatSchools rating retrieved 2026-09-22","38771310137307","37.7183602","-122.3895005","948 HOLLISTER AVE","Exact DataSF address","DataSF Enterprise Addressing System","2026-09-21"
"KIPP San Francisco Bay Academy","1430 Scott St. Third Fl., San Francisco, CA 94115","Public","Middle School","8","2026-09-22","https://www.greatschools.org/california/san-francisco/12639-KIPP-San-Francisco-Bay-Academy/","","","Current GreatSchools rating retrieved 2026-09-22","38684780101352","37.7829896","-122.4376273","1430 SCOTT ST, SAN FRANCISCO, CA, 94115","US Census address match","US Census Geocoder Public_AR_Current","2026-09-22"
"KIPP San Francisco College Preparatory","1195 Hudson Ave., San Francisco, CA 94124","Public","High School","7","2026-09-22","https://www.greatschools.org/california/san-francisco/27281-KIPP-San-Francisco-College-Preparatory/","","","Current GreatSchools rating retrieved 2026-09-22","38684780127530","37.7323094","-122.3821776","1195 HUDSON AVE","Exact DataSF address","DataSF Enterprise Addressing System","2026-09-21"
"Lafayette Elementary","4545 Anza St., San Francisco, CA 94121","Public","Elementary School","7","2026-09-22","https://www.greatschools.org/california/san-francisco/6387-Lafayette-Elementary-School/","","","Current GreatSchools rating retrieved 2026-09-22","38684786041305","37.7774747","-122.4971939","4545 ANZA ST","Exact DataSF address","DataSF Enterprise Addressing System","2026-09-21"
"Lakeshore Alternative Elementary","220 Middlefield Dr., San Francisco, CA 94132","Public","Elementary School","7","2026-09-22","https://www.greatschools.org/california/san-francisco/6388-Lakeshore-Alternative-Elementary-School/","","","Current GreatSchools rating retrieved 2026-09-22","38684786041321","37.7305732","-122.4858137","220 MIDDLEFIELD DR","Exact DataSF address","DataSF Enterprise Addressing System","2026-09-21"
"Lau (Gordon J.) Elementary","950 Clay St., San Francisco, CA 94108","Public","Elementary School","9","2026-09-22","https://www.greatschools.org/california/san-francisco/6389-Lau-Gordon-J.-Elementary-School/","","","Current GreatSchools rating retrieved 2026-09-22","38684786040877","37.7940832","-122.4085856","950 CLAY ST","Exact DataSF address","DataSF Enterprise Addressing System","2026-09-21"
"Lawton Alternative","1570 31st Ave., San Francisco, CA 94122","Public","Elementary School","9","2026-09-22","https://www.greatschools.org/california/san-francisco/6390-Lawton-Alternative-Elementary-School/","","","Current GreatSchools rating retrieved 2026-09-22","38684786041339","37.7580507","-122.4890982","1570 31ST AVE","Exact DataSF address","DataSF Enterprise Addressing System","2026-09-21"
"Lee (Edwin and Anita) Newcomer","657 Merchant St., San Francisco, CA 94111","Public","Elementary School","","2026-09-22","","","","No numeric GreatSchools rating found in the San Francisco directory as of 2026-09-22","38684786089569","37.7949088","-122.404063","657 MERCHANT ST","Exact DataSF address","DataSF Enterprise Addressing System","2026-09-21"
"Lick (James) Middle","1220 Noe St., San Francisco, CA 94114","Public","Middle School","2","2026-09-22","https://www.greatschools.org/california/san-francisco/6392-Lick-James-Middle-School/","","","Current GreatSchools rating retrieved 2026-09-22","38684786062053","37.749454","-122.4319426","1220 NOE ST","Exact DataSF address","DataSF Enterprise Addressing System","2026-09-21"
"Life Learning Academy Charter","651 Eighth St. Bldg. 229 Treasure Island, San Francisco, CA 94130","Public","High School","2","2026-09-22","https://www.greatschools.org/california/san-francisco/6393-Life-Learning-Academy-Charter/","","","Current GreatSchools rating retrieved 2026-09-22","38684783830429","37.8249813","-122.367697","651 8TH ST, SAN FRANCISCO, CA, 94130","US Census address match","US Census Geocoder Public_AR_Current","2026-09-22"
"Lilienthal (Claire) Elementary","3630 Divisadero St., San Francisco, CA 94123","Public","Elementary School","10","2026-09-22","https://www.greatschools.org/california/san-francisco/6394-Lilienthal-Claire-Elementary-School/","","","Current GreatSchools rating retrieved 2026-09-22","38684786102479","37.8033168","-122.4428998","3630 DIVISADERO ST","Exact DataSF address","DataSF Enterprise Addressing System","2026-09-21"
"Lincoln (Abraham) High","2162 24th Ave., San Francisco, CA 94116","Public","High School","9","2026-09-22","https://www.greatschools.org/california/san-francisco/6395-Lincoln-Abraham-High-School/","","","Current GreatSchools rating retrieved 2026-09-22","38684783833241","37.7472859","-122.481094","2162 24TH AVE","Exact DataSF address","DataSF Enterprise Addressing System","2026-09-21"
"Longfellow Elementary","755 Morse St., San Francisco, CA 94112","Public","Elementary School","4","2026-09-22","https://www.greatschools.org/california/san-francisco/6396-Longfellow-Elementary-School/","","","Current GreatSchools rating retrieved 2026-09-22","38684786041362","37.7105655","-122.4470223","755 MORSE ST","Exact DataSF address","DataSF Enterprise Addressing System","2026-09-21"
"Lowell High","1101 Eucalyptus Dr., San Francisco, CA 94132","Public","High School","9","2026-09-22","https://www.greatschools.org/california/san-francisco/6397-Lowell-High-School/","","","Current GreatSchools rating retrieved 2026-09-22","38684783833407","37.7306822","-122.4839163","1101 EUCALYPTUS DR","Exact DataSF address","DataSF Enterprise Addressing System","2026-09-21"
"Malcolm X Academy","350 Harbor Rd., San Francisco, CA 94124","Public","Elementary School","5","2026-09-22","https://www.greatschools.org/california/san-francisco/6398-Malcolm-X-Academy/","","","Current GreatSchools rating retrieved 2026-09-22","38684786041586","37.7342158","-122.3810148","350 HARBOR RD","Exact DataSF address","DataSF Enterprise Addressing System","2026-09-21"
"Marina Middle","3500 Fillmore St., San Francisco, CA 94123","Public","Middle School","7","2026-09-22","https://www.greatschools.org/california/san-francisco/6400-Marina-Middle-School/","","","Current GreatSchools rating retrieved 2026-09-22","38684786062061","37.8018258","-122.4354811","3500 FILLMORE ST","Exact DataSF address","DataSF Enterprise Addressing System","2026-09-21"
"Marshall (Thurgood) High","45 Conkling St., San Francisco, CA 94124","Public","High School","2","2026-09-22","https://www.greatschools.org/california/san-francisco/6404-Marshall-Thurgood-High-School/","","","Current GreatSchools rating retrieved 2026-09-22","38684783830403","37.7360924","-122.4021107","45 CONKLING ST","Exact DataSF address","DataSF Enterprise Addressing System","2026-09-21"
"Marshall Elementary","1575 15th St., San Francisco, CA 94103","Public","Elementary School","2","2026-09-22","https://www.greatschools.org/california/san-francisco/6403-Marshall-Elementary-School/","","","Current GreatSchools rating retrieved 2026-09-22","38684786041412","37.7666182","-122.4190557","1575 15TH ST","Exact DataSF address","DataSF Enterprise Addressing System","2026-09-21"
"McCoppin (Frank) Elementary","651 Sixth Ave., San Francisco, CA 94118","Public","Elementary School","8","2026-09-22","https://www.greatschools.org/california/san-francisco/6406-Mccoppin-Frank-Elementary-School/","","","Current GreatSchools rating retrieved 2026-09-22","38684786041016","37.7763114","-122.4644802","651 06TH AVE","DataSF normalized street match","DataSF Enterprise Addressing System","2026-09-21"
"McKinley Elementary","1025 14th St., San Francisco, CA 94114","Public","Elementary School","9","2026-09-22","https://www.greatschools.org/california/san-francisco/6407-McKinley-Elementary-School/","","","Current GreatSchools rating retrieved 2026-09-22","38684786041420","37.7671128","-122.4364443","1025 14TH ST","Exact DataSF address","DataSF Enterprise Addressing System","2026-09-21"
"Milk (Harvey) Civil Rights Elementary","4235 19th St., San Francisco, CA 94114","Public","Elementary School","6","2026-09-22","https://www.greatschools.org/california/san-francisco/6408-Milk-Harvey-Civil-Rights-Elementary-School/","","","Current GreatSchools rating retrieved 2026-09-22","38684786040919","37.75909","-122.4363131","4235 19TH ST","Exact DataSF address","DataSF Enterprise Addressing System","2026-09-21"
"Miraloma Elementary","175 Omar Way, San Francisco, CA 94127","Public","Elementary School","6","2026-09-22","https://www.greatschools.org/california/san-francisco/6409-Miraloma-Elementary-School/","","","Current GreatSchools rating retrieved 2026-09-22","38684786041438","37.7391337","-122.4501007","175 OMAR WAY","Exact DataSF address","DataSF Enterprise Addressing System","2026-09-21"
"Mission Education Center","1670 Noe St., San Francisco, CA 94131","Public","Elementary School","1","2026-09-22","https://www.greatschools.org/california/san-francisco/6410-Mission-Education-Center/","","","Current GreatSchools rating retrieved 2026-09-22","38684786089585","37.7422069","-122.4313353","1670 NOE ST","Exact DataSF address","DataSF Enterprise Addressing System","2026-09-21"
"Mission High","3750 18th St., San Francisco, CA 94114","Public","High School","3","2026-09-22","https://www.greatschools.org/california/san-francisco/6411-Mission-High-School/","","","Current GreatSchools rating retrieved 2026-09-22","38684783834082","37.7615974","-122.4269783","3750 18TH ST","Exact DataSF address","DataSF Enterprise Addressing System","2026-09-21"
"Mission Preparatory","1050 York St., San Francisco, CA 94110","Public","Elementary School","8","2026-09-22","https://www.greatschools.org/california/san-francisco/25813-Mission-Preparatory-School/","","","Current GreatSchools rating retrieved 2026-09-22","38684780123505","37.7552284","-122.4088664","1050 YORK ST","Exact DataSF address","DataSF Enterprise Addressing System","2026-09-21"
"Monroe Elementary","260 Madrid St., San Francisco, CA 94112","Public","Elementary School","8","2026-09-22","https://www.greatschools.org/california/san-francisco/6412-Monroe-Elementary-School/","","","Current GreatSchools rating retrieved 2026-09-22","38684786041446","37.7256048","-122.4302607","260 MADRID ST","Exact DataSF address","DataSF Enterprise Addressing System","2026-09-21"
"Moscone (George R.) Elementary","2576 Harrison St., San Francisco, CA 94110","Public","Elementary School","3","2026-09-22","https://www.greatschools.org/california/san-francisco/6413-Moscone-George-R.-Elementary-School/","","","Current GreatSchools rating retrieved 2026-09-22","38684786099154","37.7563897","-122.4124617","2576 HARRISON ST","Exact DataSF address","DataSF Enterprise Addressing System","2026-09-21"
"Muir (John) Elementary","380 Webster St., San Francisco, CA 94117","Public","Elementary School","6","2026-09-22","https://www.greatschools.org/california/san-francisco/6414-Muir-John-Elementary-School/","","","Current GreatSchools rating retrieved 2026-09-22","38684786041255","37.7737385","-122.4289342","380 WEBSTER ST","Exact DataSF address","DataSF Enterprise Addressing System","2026-09-21"
"New Traditions Elementary","2049 Grove St., San Francisco, CA 94117","Public","Elementary School","8","2026-09-22","https://www.greatschools.org/california/san-francisco/6415-New-Traditions-Elementary-School/","","","Current GreatSchools rating retrieved 2026-09-22","38684786097919","37.7738854","-122.4502669","2049 GROVE ST","Exact DataSF address","DataSF Enterprise Addressing System","2026-09-21"
"O'Connell (John) High","2355 Folsom St., San Francisco, CA 94110","Public","High School","4","2026-09-22","https://www.greatschools.org/california/san-francisco/6417-Oconnell-John-High-School/","","","Current GreatSchools rating retrieved 2026-09-22","38684783834769","37.7595591","-122.4145403","2355 FOLSOM ST","Exact DataSF address","DataSF Enterprise Addressing System","2026-09-21"
"Ortega (Jose) Elementary","400 Sargent St., San Francisco, CA 94132","Public","Elementary School","7","2026-09-22","https://www.greatschools.org/california/san-francisco/6418-Ortega-Jose-Elementary-School/","","","Current GreatSchools rating retrieved 2026-09-22","38684786041271","37.7163638","-122.4665194","400 SARGENT ST","Exact DataSF address","DataSF Enterprise Addressing System","2026-09-21"
"Parker (Jean) Elementary","840 Broadway St., San Francisco, CA 94133","Public","Elementary School","6","2026-09-22","https://www.greatschools.org/california/san-francisco/6419-Parker-Jean-Elementary-School/","","","Current GreatSchools rating retrieved 2026-09-22","38684786041206","37.7976204","-122.4110381","840 BROADWAY","DataSF normalized street match","DataSF Enterprise Addressing System","2026-09-21"
"Parks (Rosa) Elementary","1501 O'Farrell St., San Francisco, CA 94115","Public","Elementary School","6","2026-09-22","https://www.greatschools.org/california/san-francisco/6420-Parks-Rosa-Elementary-School/","","","Current GreatSchools rating retrieved 2026-09-22","38684786041503","37.7830089","-122.4295043","1501 OFARRELL ST","DataSF normalized street match","DataSF Enterprise Addressing System","2026-09-21"
"Peabody (George) Elementary","251 Sixth Ave., San Francisco, CA 94118","Public","Elementary School","10","2026-09-22","https://www.greatschools.org/california/san-francisco/6421-Peabody-George-Elementary-School/","","","Current GreatSchools rating retrieved 2026-09-22","38684786041065","37.783934","-122.4647938","251 06TH AVE","DataSF normalized street match","DataSF Enterprise Addressing System","2026-09-21"
"Presidio Middle","450 30th Ave., San Francisco, CA 94121","Public","Middle School","9","2026-09-22","https://www.greatschools.org/california/san-francisco/6423-Presidio-Middle-School/","","","Current GreatSchools rating retrieved 2026-09-22","38684786062079","37.7808645","-122.4896271","450 30TH AVE","Exact DataSF address","DataSF Enterprise Addressing System","2026-09-21"
"Redding Elementary","1421 Pine St., San Francisco, CA 94109","Public","Elementary School","2","2026-09-22","https://www.greatschools.org/california/san-francisco/6424-Redding-Elementary-School/","","","Current GreatSchools rating retrieved 2026-09-22","38684786041511","37.7896419","-122.4194872","1421 PINE ST","Exact DataSF address","DataSF Enterprise Addressing System","2026-09-21"
"Revere (Paul) Elementary","555 Tompkins Ave., San Francisco, CA 94110","Public","Elementary School","2","2026-09-22","https://www.greatschools.org/california/san-francisco/6425-Revere-Paul-Elementary-School/","","","Current GreatSchools rating retrieved 2026-09-22","38684786041487","37.7372052","-122.4129999","555 TOMPKINS AVE","Exact DataSF address","DataSF Enterprise Addressing System","2026-09-21"
"Rooftop Elementary","443 Burnett Ave., San Francisco, CA 94131","Public","Elementary School","8","2026-09-22","https://www.greatschools.org/california/san-francisco/6426-Rooftop-Elementary-School/","","","Current GreatSchools rating retrieved 2026-09-22","38684786089775","37.7548862","-122.4435991","443 BURNETT AVE","Exact DataSF address","DataSF Enterprise Addressing System","2026-09-21"
"Roosevelt Middle","460 Arguello Blvd., San Francisco, CA 94118","Public","Middle School","8","2026-09-22","https://www.greatschools.org/california/san-francisco/6427-Roosevelt-Middle-School/","","","Current GreatSchools rating retrieved 2026-09-22","38684786059901","37.7819889","-122.4586579","460 ARGUELLO BLVD","Exact DataSF address","DataSF Enterprise Addressing System","2026-09-21"
"S.F. County Civic Center Secondary","727 Golden Gate Ave., San Francisco, CA 94102","Public","K-12/Combined School","1","2026-09-22","https://www.greatschools.org/california/san-francisco/13785-S.F.-County-Civic-Center-Secondary/","","","Current GreatSchools rating retrieved 2026-09-22","38103893830445","37.7802963","-122.4229422","727 GOLDEN GATE AVE","Exact DataSF address","DataSF Enterprise Addressing System","2026-09-21"
"S.F. County Court Woodside Learning Ctr","375 Woodside Ave. W1, San Francisco, CA 94127","Public","High School","","2026-09-22","","","","No numeric GreatSchools rating found in the San Francisco directory as of 2026-09-22","38103893830361","37.7458845","-122.4525091","375 WOODSIDE AVE","Exact DataSF address; source ZIP differs","DataSF Enterprise Addressing System","2026-09-21"
"S.F. County Opportunity (Hilltop)","1325 Florida St., San Francisco, CA 94110","Public","High School","3","2026-09-22","https://www.greatschools.org/california/san-francisco/11135-S.F.-County-Opportunity-Hilltop-School/","","","Current GreatSchools rating retrieved 2026-09-22","38103893830395","37.7504848","-122.4096929","1325 FLORIDA ST","Exact DataSF address","DataSF Enterprise Addressing System","2026-09-21"
"S.F. County Special Education","3045 Santiago St., San Francisco, CA 94116","Public","K-12/Combined School","","2026-09-22","","","","No numeric GreatSchools rating found in the San Francisco directory as of 2026-09-22","38103896069561","37.7436481","-122.5000475","3045 SANTIAGO ST","Exact DataSF address","DataSF Enterprise Addressing System","2026-09-21"
"S.F. International High","655 DeHaro St., San Francisco, CA 94107","Public","High School","2","2026-09-22","https://www.greatschools.org/california/san-francisco/25018-S.F.-International-High-School/","","","Current GreatSchools rating retrieved 2026-09-22","38684780119875","37.7617031","-122.4008297","655 DE HARO ST","DataSF normalized street match","DataSF Enterprise Addressing System","2026-09-21"
"San Francisco Community Alternative","125 Excelsior Ave., San Francisco, CA 94112","Public","Elementary School","5","2026-09-22","https://www.greatschools.org/california/san-francisco/6430-San-Francisco-Community-Alternative-School/","","","Current GreatSchools rating retrieved 2026-09-22","38684786093488","37.7258592","-122.4321481","125 EXCELSIOR AVE","Exact DataSF address","DataSF Enterprise Addressing System","2026-09-21"
"San Francisco Public Montessori","2340 Jackson St., San Francisco, CA 94115","Public","Elementary School","7","2026-09-22","https://www.greatschools.org/california/san-francisco/25336-San-Francisco-Public-Montessori-School/","","","Current GreatSchools rating retrieved 2026-09-22","38684780123117","37.7928667","-122.4335992","2340 JACKSON ST","Exact DataSF address","DataSF Enterprise Addressing System","2026-09-21"
"Sanchez Elementary","325 Sanchez St., San Francisco, CA 94114","Public","Elementary School","2","2026-09-22","https://www.greatschools.org/california/san-francisco/6428-Sanchez-Elementary-School/","","","Current GreatSchools rating retrieved 2026-09-22","38684786041545","37.7638465","-122.430641","325 SANCHEZ ST","Exact DataSF address","DataSF Enterprise Addressing System","2026-09-21"
"Serra (Junipero) Elementary","625 Holly Park Cir., San Francisco, CA 94110","Public","Elementary School","2","2026-09-22","https://www.greatschools.org/california/san-francisco/6429-Serra-Junipero-Elementary-School/","","","Current GreatSchools rating retrieved 2026-09-22","38684786041289","37.7370168","-122.4213263","625 HOLLY PARK CIR","Exact DataSF address","DataSF Enterprise Addressing System","2026-09-21"
"Sheridan Elementary","431 Capitol Ave., San Francisco, CA 94112","Public","Elementary School","3","2026-09-22","https://www.greatschools.org/california/san-francisco/6431-Sheridan-Elementary-School/","","","Current GreatSchools rating retrieved 2026-09-22","38684786041560","37.7143141","-122.4593652","431 CAPITOL AVE","Exact DataSF address","DataSF Enterprise Addressing System","2026-09-21"
"Sherman Elementary","1651 Union St., San Francisco, CA 94123","Public","Elementary School","6","2026-09-22","https://www.greatschools.org/california/san-francisco/6432-Sherman-Elementary-School/","","","Current GreatSchools rating retrieved 2026-09-22","38684786041578","37.7978015","-122.4261179","1651 UNION ST","Exact DataSF address","DataSF Enterprise Addressing System","2026-09-21"
"Sloat (Commodore) Elementary","50 Darien Way, San Francisco, CA 94127","Public","Elementary School","6","2026-09-22","https://www.greatschools.org/california/san-francisco/6433-Sloat-Commodore-Elementary-School/","","","Current GreatSchools rating retrieved 2026-09-22","38684786040851","37.7317346","-122.4709316","50 DARIEN WAY","Exact DataSF address","DataSF Enterprise Addressing System","2026-09-21"
"Spring Valley Elementary","1451 Jackson St., San Francisco, CA 94109","Public","Elementary School","4","2026-09-22","https://www.greatschools.org/california/san-francisco/6434-Spring-Valley-Elementary-School/","","","Current GreatSchools rating retrieved 2026-09-22","38684786041594","37.7940062","-122.4188185","1451 JACKSON ST","Exact DataSF address","DataSF Enterprise Addressing System","2026-09-21"
"Stevenson (Robert Louis) Elementary","2051 34th Ave., San Francisco, CA 94116","Public","Elementary School","10","2026-09-22","https://www.greatschools.org/california/san-francisco/6436-Stevenson-Robert-Louis-Elementary-School/","","","Current GreatSchools rating retrieved 2026-09-22","38684786041529","37.7487474","-122.4925353","2051 34TH AVE","Exact DataSF address","DataSF Enterprise Addressing System","2026-09-21"
"Sunnyside Elementary","250 Foerster St., San Francisco, CA 94112","Public","Elementary School","8","2026-09-22","https://www.greatschools.org/california/san-francisco/6437-Sunnyside-Elementary-School/","","","Current GreatSchools rating retrieved 2026-09-22","38684786041610","37.7304438","-122.4487343","250 FOERSTER ST","Exact DataSF address","DataSF Enterprise Addressing System","2026-09-21"
"Sunset Elementary","1920 41st Ave., San Francisco, CA 94116","Public","Elementary School","8","2026-09-22","https://www.greatschools.org/california/san-francisco/6438-Sunset-Elementary-School/","","","Current GreatSchools rating retrieved 2026-09-22","38684786113997","37.7508464","-122.4997419","1920 41ST AVE","Exact DataSF address","DataSF Enterprise Addressing System","2026-09-21"
"Sutro Elementary","235 12th Ave., San Francisco, CA 94118","Public","Elementary School","7","2026-09-22","https://www.greatschools.org/california/san-francisco/6439-Sutro-Elementary-School/","","","Current GreatSchools rating retrieved 2026-09-22","38684786041644","37.7837157","-122.4711485","235 12TH AVE","Exact DataSF address","DataSF Enterprise Addressing System","2026-09-21"
"Taylor (Edward R.) Elementary","423 Burrows St., San Francisco, CA 94134","Public","Elementary School","6","2026-09-22","https://www.greatschools.org/california/san-francisco/6441-Taylor-Edward-R.-Elementary-School/","","","Current GreatSchools rating retrieved 2026-09-22","38684786040943","37.7278264","-122.4073334","423 BURROWS ST","Exact DataSF address","DataSF Enterprise Addressing System","2026-09-21"
"Tenderloin Community","627 Turk St., San Francisco, CA 94102","Public","Elementary School","3","2026-09-22","https://www.greatschools.org/california/san-francisco/6442-Tenderloin-Community/","","","Current GreatSchools rating retrieved 2026-09-22","38684786115901","37.781813","-122.4197444","627 TURK ST","Exact DataSF address","DataSF Enterprise Addressing System","2026-09-21"
"The New School of San Francisco","940 Filbert St, San Francisco, CA 94133","Public","Elementary School","10","2026-09-22","https://www.greatschools.org/california/san-francisco/31959-The-New-School-Of-San-Francisco/","","","Current GreatSchools rating retrieved 2026-09-22","38769270132183","37.8009488","-122.4149706","940 FILBERT ST","Exact DataSF address","DataSF Enterprise Addressing System","2026-09-21"
"Thomas Edison Charter Academy","3531 22nd St., San Francisco, CA 94114","Public","Elementary School","6","2026-09-22","https://www.greatschools.org/california/san-francisco/12048-Edison-Charter-Academy/","","","Current GreatSchools rating retrieved 2026-09-22","38684786040935","37.7548605","-122.4260879","3531 22ND ST","Exact DataSF address","DataSF Enterprise Addressing System","2026-09-21"
"Ulloa Elementary","2650 42nd Ave., San Francisco, CA 94116","Public","Elementary School","8","2026-09-22","https://www.greatschools.org/california/san-francisco/6445-Ulloa-Elementary-School/","","","Current GreatSchools rating retrieved 2026-09-22","38684786041685","37.737378","-122.4996874","2650 42ND AVE","Exact DataSF address","DataSF Enterprise Addressing System","2026-09-21"
"Visitacion Valley Elementary","55 Schwerin St., San Francisco, CA 94134","Public","Elementary School","3","2026-09-22","https://www.greatschools.org/california/san-francisco/6446-Visitacion-Valley-Elementary-School/","","","Current GreatSchools rating retrieved 2026-09-22","38684786041701","37.712681","-122.410282","55 SCHWERIN ST","Exact DataSF address","DataSF Enterprise Addressing System","2026-09-21"
"Visitacion Valley Middle","1971 Visitacion Ave., San Francisco, CA 94134","Public","Middle School","3","2026-09-22","https://www.greatschools.org/california/san-francisco/6447-Visitacion-Valley-Middle-School/","","","Current GreatSchools rating retrieved 2026-09-22","38684786059919","37.7157777","-122.4126037","1971 VISITACION AVE","Exact DataSF address","DataSF Enterprise Addressing System","2026-09-21"
"Wallenberg (Raoul) Traditional High","40 Vega St., San Francisco, CA 94115","Public","High School","7","2026-09-22","https://www.greatschools.org/california/san-francisco/6449-Wallenberg-Raoul-Traditional-High-School/","","","Current GreatSchools rating retrieved 2026-09-22","38684783830205","37.7801901","-122.4462406","40 VEGA ST","Exact DataSF address","DataSF Enterprise Addressing System","2026-09-21"
"Washington (George) High","600 32nd Ave., San Francisco, CA 94121","Public","High School","8","2026-09-22","https://www.greatschools.org/california/san-francisco/6450-Washington-George-High-School/","","","Current GreatSchools rating retrieved 2026-09-22","38684783839081","37.7778391","-122.4917406","600 32ND AVE","Exact DataSF address","DataSF Enterprise Addressing System","2026-09-21"
"Webster (Daniel) Elementary","465 Missouri St., San Francisco, CA 94107","Public","Elementary School","8","2026-09-22","https://www.greatschools.org/california/san-francisco/6451-Daniel-Webster-Elementary-School/","","","Current GreatSchools rating retrieved 2026-09-22","38684786040893","37.7605213","-122.3958437","465 MISSOURI ST","Exact DataSF address","DataSF Enterprise Addressing System","2026-09-21"
"Wells (Ida B.) High","1099 Hayes St., San Francisco, CA 94117","Public","High School","2","2026-09-22","https://www.greatschools.org/california/san-francisco/6452-Wells-Ida-B.-High-School/","","","Current GreatSchools rating retrieved 2026-09-22","38684783830031","37.7751874","-122.4340641","1099 HAYES ST","Exact DataSF address","DataSF Enterprise Addressing System","2026-09-21"
"West Portal Elementary","5 Lenox Way, San Francisco, CA 94127","Public","Elementary School","8","2026-09-22","https://www.greatschools.org/california/san-francisco/6448-West-Portal-Elementary-School/","","","Current GreatSchools rating retrieved 2026-09-22","38684786041727","37.7433756","-122.4646357","5 LENOX WAY","Exact DataSF address","DataSF Enterprise Addressing System","2026-09-21"
"Yick Wo Elementary","2245 Jones St., San Francisco, CA 94133","Public","Elementary School","8","2026-09-22","https://www.greatschools.org/california/san-francisco/6454-Yick-Wo-Elementary-School/","","","Current GreatSchools rating retrieved 2026-09-22","38684786041131","37.8019001","-122.4163595","2245 JONES ST","Exact DataSF address","DataSF Enterprise Addressing System","2026-09-21"
"Yu (Alice Fong) Elementary","1541 12th Ave., San Francisco, CA 94122","Public","Elementary School","10","2026-09-22","https://www.greatschools.org/california/san-francisco/6455-Yu-Alice-Fong-Elementary-School/","","","Current GreatSchools rating retrieved 2026-09-22","38684786113245","37.7589645","-122.4696827","1541 12TH AVE","Exact DataSF address","DataSF Enterprise Addressing System","2026-09-21"
"Académique International Secondaire des Examens et Certifications","166 Geary Str Ste 1500, San Francisco, CA 94108","Private","Middle/High School","","","","9.5","2025-26 CDE staffing proxy: inverse California percentile of students per estimated teacher FTE, scaled 1-10; not an official school quality rating","2.0 reported students per estimated teacher FTE","38684786169445","37.787767","-122.4061204","166 GEARY ST","Exact DataSF address","DataSF Enterprise Addressing System","2026-09-21"
"Adaptedmind","5th Fiesta Ln, Carson, CA 90745","Private","Middle School","","","","9.8","2025-26 CDE staffing proxy: inverse California percentile of students per estimated teacher FTE, scaled 1-10; not an official school quality rating","1.3 reported students per estimated teacher FTE","38103896174841","33.8099835","-118.2632564","5 FIESTA LN, CARSON, CA, 90745","US Census address match","US Census Geocoder Public_AR_Current","2026-09-22"
"Adda Clevenger School","180 Fair Oaks Street, San Francisco, CA 94110","Private","Elementary/Middle School","","","","8.6","2025-26 CDE staffing proxy: inverse California percentile of students per estimated teacher FTE, scaled 1-10; not an official school quality rating","4.1 reported students per estimated teacher FTE","38684786930572","37.7539104","-122.424314","180 FAIR OAKS ST","Exact DataSF address","DataSF Enterprise Addressing System","2026-09-21"
"Aloha Micro Academy","166 Geary Str Ste 1500 #1532, San Francisco, CA 94108","Private","K-12/Combined School","","","","1.6","2025-26 CDE staffing proxy: inverse California percentile of students per estimated teacher FTE, scaled 1-10; not an official school quality rating","19.2 reported students per estimated teacher FTE","38684786168959","37.787767","-122.4061204","166 GEARY ST","Exact DataSF address","DataSF Enterprise Addressing System","2026-09-21"
"Alpha School San Francisco","3741 Buchanan St, San Francisco, CA 94123-1710","Private","Elementary/Middle School","","","","9.5","2025-26 CDE staffing proxy: inverse California percentile of students per estimated teacher FTE, scaled 1-10; not an official school quality rating","2.0 reported students per estimated teacher FTE","38684786172357","37.804563","-122.4339084","3741 BUCHANAN ST","Exact DataSF address","DataSF Enterprise Addressing System","2026-09-21"
"Alta Vista School","450 Somerset Street, San Francisco, CA 94134","Private","Elementary/Middle School","","","","8.2","2025-26 CDE staffing proxy: inverse California percentile of students per estimated teacher FTE, scaled 1-10; not an official school quality rating","5.0 reported students per estimated teacher FTE","38684786140099","37.7256888","-122.4076668","450 SOMERSET ST","Exact DataSF address","DataSF Enterprise Addressing System","2026-09-21"
"Arise Educational Center","1760 Cesar Chavez Street, Ste. Rs, San Francisco, CA 94124","Private","Middle/High School","","","","8.1","2025-26 CDE staffing proxy: inverse California percentile of students per estimated teacher FTE, scaled 1-10; not an official school quality rating","5.2 reported students per estimated teacher FTE","38684787019417","37.7501193","-122.3949031","1760 CESAR CHAVEZ ST","Exact DataSF address","DataSF Enterprise Addressing System","2026-09-21"
"Bais Menacham Yeshiva Day School","834 28Th Avenue, San Francisco, CA 94121","Private","Elementary/Middle School","","","","7.7","2025-26 CDE staffing proxy: inverse California percentile of students per estimated teacher FTE, scaled 1-10; not an official school quality rating","5.9 reported students per estimated teacher FTE","38684786206007","37.7736128","-122.4871555","834 28TH AVE","Exact DataSF address","DataSF Enterprise Addressing System","2026-09-21"
"Bertrand D Hsu American & Chinese Bicultural Academy","455 Arkansas Street, San Francisco, CA 94107","Private","Elementary/Middle School","","","","8.3","2025-26 CDE staffing proxy: inverse California percentile of students per estimated teacher FTE, scaled 1-10; not an official school quality rating","4.8 reported students per estimated teacher FTE","38684786170153","37.7606259","-122.3980029","455 ARKANSAS ST","Exact DataSF address","DataSF Enterprise Addressing System","2026-09-21"
"Brightworks School","682 Schofield Rd, San Francisco, CA 94129-1198","Private","K-12/Combined School","","","","8.3","2025-26 CDE staffing proxy: inverse California percentile of students per estimated teacher FTE, scaled 1-10; not an official school quality rating","4.8 reported students per estimated teacher FTE","38684786142079","37.8002943","-122.4687445","682 SCHOFIELD RD","Exact DataSF address","DataSF Enterprise Addressing System","2026-09-21"
"Cathedral School for Boys","1275 Sacramento St., San Francisco, CA 94108","Private","Elementary/Middle School","","","","7.2","2025-26 CDE staffing proxy: inverse California percentile of students per estimated teacher FTE, scaled 1-10; not an official school quality rating","6.3 reported students per estimated teacher FTE","38684786965586","37.7923671","-122.413456","1275 SACRAMENTO ST","Exact DataSF address","DataSF Enterprise Addressing System","2026-09-21"
"Children's Day School","333 Dolores Street, San Francisco, CA 94110","Private","Elementary/Middle School","","","","7.8","2025-26 CDE staffing proxy: inverse California percentile of students per estimated teacher FTE, scaled 1-10; not an official school quality rating","5.8 reported students per estimated teacher FTE","38684787096514","37.7642545","-122.4252","333 DOLORES ST","Exact DataSF address","DataSF Enterprise Addressing System","2026-09-21"
"Chinese American International School- 19th Ave Campus","3250 19Th Ave, San Francisco, CA 94132","Private","Elementary/Middle School","","","","5.3","2025-26 CDE staffing proxy: inverse California percentile of students per estimated teacher FTE, scaled 1-10; not an official school quality rating","9.0 reported students per estimated teacher FTE","38684786168041","37.7295001","-122.473589","3250 19TH AVE","Exact DataSF address","DataSF Enterprise Addressing System","2026-09-21"
"Convent & Stuart Hall, Schools of the Sacred Heart - San Francisco","2222 Broadway St, San Francisco, CA 94115","Private","K-12/Combined School","","","","5.3","2025-26 CDE staffing proxy: inverse California percentile of students per estimated teacher FTE, scaled 1-10; not an official school quality rating","9.0 reported students per estimated teacher FTE","38684786158596","37.7944809","-122.4336943","2222 BROADWAY ST, SAN FRANCISCO, CA, 94115","US Census address match","US Census Geocoder Public_AR_Current","2026-09-22"
"Cornerstone Academy-Silver Campus","801 Silver Avenue, San Francisco, CA 94134","Private","Elementary School","","","","3.4","2025-26 CDE staffing proxy: inverse California percentile of students per estimated teacher FTE, scaled 1-10; not an official school quality rating","13.2 reported students per estimated teacher FTE","38684786903165","37.7294421","-122.4183521","801 SILVER AVE","Exact DataSF address","DataSF Enterprise Addressing System","2026-09-21"
"Cornerstone Academy–Cambridge Campus","501 Cambridge Street, San Francisco, CA 94134","Private","Elementary/Middle School","","","","2.6","2025-26 CDE staffing proxy: inverse California percentile of students per estimated teacher FTE, scaled 1-10; not an official school quality rating","15.2 reported students per estimated teacher FTE","38684786133763","37.7250378","-122.4173615","501 CAMBRIDGE ST","Exact DataSF address","DataSF Enterprise Addressing System","2026-09-21"
"De Marillac Academy","175 Golden Gate Avenue, San Francisco, CA 94102","Private","Elementary/Middle School","","","","5.7","2025-26 CDE staffing proxy: inverse California percentile of students per estimated teacher FTE, scaled 1-10; not an official school quality rating","8.5 reported students per estimated teacher FTE","38684787104466","37.7816586","-122.4133444","175 GOLDEN GATE AVE","Exact DataSF address","DataSF Enterprise Addressing System","2026-09-21"
"Donum Dei Classical Academy","1550 Treat Avenue, San Francisco, CA 94110","Private","Elementary/Middle School","","","","8.3","2025-26 CDE staffing proxy: inverse California percentile of students per estimated teacher FTE, scaled 1-10; not an official school quality rating","4.7 reported students per estimated teacher FTE","38684786158372","37.7459309","-122.4126946","1550 TREAT AVE","Exact DataSF address","DataSF Enterprise Addressing System","2026-09-21"
"Drew School","2901 California Street, San Francisco, CA 94115","Private","High School","","","","5.4","2025-26 CDE staffing proxy: inverse California percentile of students per estimated teacher FTE, scaled 1-10; not an official school quality rating","8.9 reported students per estimated teacher FTE","38684786939557","37.7876423","-122.4423196","2901 CALIFORNIA ST","Exact DataSF address","DataSF Enterprise Addressing System","2026-09-21"
"Eclipse Academy","862 Shotwell Street, San Francisco, CA 94110","Private","K-12/Combined School","","","","9.2","2025-26 CDE staffing proxy: inverse California percentile of students per estimated teacher FTE, scaled 1-10; not an official school quality rating","3.0 reported students per estimated teacher FTE","38684786170120","37.7546108","-122.4156932","862 SHOTWELL ST","Exact DataSF address","DataSF Enterprise Addressing System","2026-09-21"
"Ecole Notre Dame Des Victoires","659 Pine Street, San Francisco, CA 94108","Private","Elementary/Middle School","","","","3.7","2025-26 CDE staffing proxy: inverse California percentile of students per estimated teacher FTE, scaled 1-10; not an official school quality rating","12.3 reported students per estimated teacher FTE","38684786981500","37.7911166","-122.4064668","659 PINE ST","Exact DataSF address","DataSF Enterprise Addressing System","2026-09-21"
"Edgewood Community School","1801 Vicente Street, San Francisco, CA 94116","Private","High School","","","","7","2025-26 CDE staffing proxy: inverse California percentile of students per estimated teacher FTE, scaled 1-10; not an official school quality rating","6.5 reported students per estimated teacher FTE","38684786908917","37.7379847","-122.4862565","1801 VICENTE ST","Exact DataSF address","DataSF Enterprise Addressing System","2026-09-21"
"Eureka Learning Center","464 Diamond Street, San Francisco, CA 94114","Private","Elementary School","","","","7.1","2025-26 CDE staffing proxy: inverse California percentile of students per estimated teacher FTE, scaled 1-10; not an official school quality rating","6.4 reported students per estimated teacher FTE","38684787044605","37.7549662","-122.4370079","464 DIAMOND ST","Exact DataSF address","DataSF Enterprise Addressing System","2026-09-21"
"Fusion Academy San Francisco","1160 Battery Street Suite 40, San Francisco, CA 94111","Private","Middle/High School","","","","9.7","2025-26 CDE staffing proxy: inverse California percentile of students per estimated teacher FTE, scaled 1-10; not an official school quality rating","1.7 reported students per estimated teacher FTE","38684786143440","37.8019163","-122.4011196","1160 BATTERY ST","Exact DataSF address","DataSF Enterprise Addressing System","2026-09-21"
"German International School of Silicon Valley","117 Diamond Street, San Francisco, CA 94114","Private","Elementary/Middle School","","","","7.1","2025-26 CDE staffing proxy: inverse California percentile of students per estimated teacher FTE, scaled 1-10; not an official school quality rating","6.4 reported students per estimated teacher FTE","38684786162549","37.7601243","-122.4367987","117 DIAMOND ST","Exact DataSF address","DataSF Enterprise Addressing System","2026-09-21"
"Hiba Academy Bay Area","99 Rhode Island St, San Francisco, CA 94103","Private","Elementary School","","","","8.2","2025-26 CDE staffing proxy: inverse California percentile of students per estimated teacher FTE, scaled 1-10; not an official school quality rating","5.0 reported students per estimated teacher FTE","38684786174080","37.7689532","-122.4028075","99 RHODE ISLAND ST","Exact DataSF address","DataSF Enterprise Addressing System","2026-09-21"
"Hillwood Academic Day","2521 Scott Street, San Francisco, CA 94115","Private","Elementary/Middle School","","","","8.6","2025-26 CDE staffing proxy: inverse California percentile of students per estimated teacher FTE, scaled 1-10; not an official school quality rating","4.2 reported students per estimated teacher FTE","38684786939607","37.7933225","-122.4401193","2521 SCOTT ST","Exact DataSF address","DataSF Enterprise Addressing System","2026-09-21"
"Holy Name Elementary","1560 40Th Avenue, San Francisco, CA 94122","Private","Elementary/Middle School","","","","1.5","2025-26 CDE staffing proxy: inverse California percentile of students per estimated teacher FTE, scaled 1-10; not an official school quality rating","20.2 reported students per estimated teacher FTE","38684786981278","37.7576104","-122.4988763","1560 40TH AVE","Exact DataSF address","DataSF Enterprise Addressing System","2026-09-21"
"ICA Cristo Rey Academy","3625 24Th Street, San Francisco, CA 94110","Private","High School","","","","3","2025-26 CDE staffing proxy: inverse California percentile of students per estimated teacher FTE, scaled 1-10; not an official school quality rating","14.2 reported students per estimated teacher FTE","38684786939615","37.7518278","-122.4234338","3625 24TH ST","Exact DataSF address","DataSF Enterprise Addressing System","2026-09-21"
"Idlewild Elementary School","236 Santos St, San Francisco, CA 94134","Private","K-12/Combined School","","","","5.5","2025-26 CDE staffing proxy: inverse California percentile of students per estimated teacher FTE, scaled 1-10; not an official school quality rating","8.7 reported students per estimated teacher FTE","38103896175269","37.7094722","-122.4198563","236 SANTOS ST","Exact DataSF address","DataSF Enterprise Addressing System","2026-09-21"
"Inner Fire Academy","2130B Harrison St, San Francisco, CA 94110","Private","Elementary School","","","","9.4","2025-26 CDE staffing proxy: inverse California percentile of students per estimated teacher FTE, scaled 1-10; not an official school quality rating","2.3 reported students per estimated teacher FTE","38684786174197","37.762815","-122.4132115","2130 HARRISON ST","DataSF base address","DataSF Enterprise Addressing System","2026-09-21"
"Jewish Community High School of the Bay","1835 Ellis Street, San Francisco, CA 94115","Private","High School","","","","7.8","2025-26 CDE staffing proxy: inverse California percentile of students per estimated teacher FTE, scaled 1-10; not an official school quality rating","5.6 reported students per estimated teacher FTE","38684786200554","37.7816509","-122.436673","1835 ELLIS ST","Exact DataSF address","DataSF Enterprise Addressing System","2026-09-21"
"Kahlon Family Services School","3140 Balboa St., San Francisco, CA 94121","Private","Elementary School","","","","8.9","2025-26 CDE staffing proxy: inverse California percentile of students per estimated teacher FTE, scaled 1-10; not an official school quality rating","3.7 reported students per estimated teacher FTE","38684786146344","37.7760468","-122.4927774","3140 BALBOA ST","Exact DataSF address","DataSF Enterprise Addressing System","2026-09-21"
"Katherine Delmar Burke School","7070 California Street, San Francisco, CA 94121","Private","Elementary/Middle School","","","","7.1","2025-26 CDE staffing proxy: inverse California percentile of students per estimated teacher FTE, scaled 1-10; not an official school quality rating","6.3 reported students per estimated teacher FTE","38684786981328","37.7842816","-122.4933246","7070 CALIFORNIA ST","Exact DataSF address","DataSF Enterprise Addressing System","2026-09-21"
"Katherine Michiels School","1335 Guerrero St., San Francisco, CA 94110","Private","Elementary School","","","","9.3","2025-26 CDE staffing proxy: inverse California percentile of students per estimated teacher FTE, scaled 1-10; not an official school quality rating","2.8 reported students per estimated teacher FTE","38684786130090","37.7498177","-122.4223102","1335 GUERRERO ST","Exact DataSF address","DataSF Enterprise Addressing System","2026-09-21"
"Kittredge School","2355 Lake St, San Francisco, CA 94121","Private","Elementary/Middle School","","","","8.1","2025-26 CDE staffing proxy: inverse California percentile of students per estimated teacher FTE, scaled 1-10; not an official school quality rating","5.3 reported students per estimated teacher FTE","38684786981336","37.7855071","-122.4849573","2355 LAKE ST","Exact DataSF address","DataSF Enterprise Addressing System","2026-09-21"
"KZV Armenian School","825 Brotherhood Way, San Francisco, CA 94132","Private","Elementary/Middle School","","","","8","2025-26 CDE staffing proxy: inverse California percentile of students per estimated teacher FTE, scaled 1-10; not an official school quality rating","5.4 reported students per estimated teacher FTE","38684786913123","37.7138405","-122.4783178","825 BROTHERHOOD WAY","Exact DataSF address","DataSF Enterprise Addressing System","2026-09-21"
"La Scuola International School","3250 18Th Street, San Francisco, CA 94110","Private","Elementary/Middle School","","","","8.8","2025-26 CDE staffing proxy: inverse California percentile of students per estimated teacher FTE, scaled 1-10; not an official school quality rating","3.9 reported students per estimated teacher FTE","38684786144257","37.7621152","-122.4164214","3250 18TH ST","Exact DataSF address","DataSF Enterprise Addressing System","2026-09-21"
"Lakeside Presbyterian Center for Children","201 Eucalyptus Dr, San Francisco, CA 94132","Private","Elementary School","","","","9.7","2025-26 CDE staffing proxy: inverse California percentile of students per estimated teacher FTE, scaled 1-10; not an official school quality rating","1.7 reported students per estimated teacher FTE","38684786906176","37.7307755","-122.4751942","201 EUCALYPTUS DR","Exact DataSF address","DataSF Enterprise Addressing System","2026-09-21"
"Lick-Wilmerding High School","755 Ocean Avenue, San Francisco, CA 94112","Private","High School","","","","5.1","2025-26 CDE staffing proxy: inverse California percentile of students per estimated teacher FTE, scaled 1-10; not an official school quality rating","9.6 reported students per estimated teacher FTE","38684786939649","37.7227804","-122.4489943","755 OCEAN AVE","Exact DataSF address","DataSF Enterprise Addressing System","2026-09-21"
"Live Oak School","1555 Mariposa Street, San Francisco, CA 94107","Private","Elementary/Middle School","","","","6.3","2025-26 CDE staffing proxy: inverse California percentile of students per estimated teacher FTE, scaled 1-10; not an official school quality rating","7.5 reported students per estimated teacher FTE","38684786981377","37.7635566","-122.3994639","1555 MARIPOSA ST","Exact DataSF address","DataSF Enterprise Addressing System","2026-09-21"
"Lycee Francais de San Francisco (Ashbury)","755 Ashbury Street, San Francisco, CA 94117","Private","Elementary School","","","","2.6","2025-26 CDE staffing proxy: inverse California percentile of students per estimated teacher FTE, scaled 1-10; not an official school quality rating","15.3 reported students per estimated teacher FTE","38684786146369","37.7679695","-122.4469684","755 ASHBURY ST","Exact DataSF address","DataSF Enterprise Addressing System","2026-09-21"
"Lycee Francais de San Francisco (Ortega)","1201 Ortega Street, San Francisco, CA 94122","Private","Middle/High School","","","","6.2","2025-26 CDE staffing proxy: inverse California percentile of students per estimated teacher FTE, scaled 1-10; not an official school quality rating","7.5 reported students per estimated teacher FTE","38684786939664","37.7519875","-122.4768277","1201 ORTEGA ST","Exact DataSF address; source ZIP differs","DataSF Enterprise Addressing System","2026-09-21"
"MEADOWS-LIVINGSTONE SCHOOL","1499 Potrero Ave, San Francisco, CA 94110-3534","Private","Elementary/Middle School","","","","8.9","2025-26 CDE staffing proxy: inverse California percentile of students per estimated teacher FTE, scaled 1-10; not an official school quality rating","3.8 reported students per estimated teacher FTE","38103896159537","37.7495834","-122.4050322","1499 POTRERO AVE","Exact DataSF address","DataSF Enterprise Addressing System","2026-09-21"
"Meadows-livingstone school","1499 Potrero Ave Suite 1, San Francisco, CA 94110","Private","Elementary School","","","","8.5","2025-26 CDE staffing proxy: inverse California percentile of students per estimated teacher FTE, scaled 1-10; not an official school quality rating","4.4 reported students per estimated teacher FTE","38684786909600","37.7495834","-122.4050322","1499 POTRERO AVE","Exact DataSF address","DataSF Enterprise Addressing System","2026-09-21"
"Mission Dolores Academy","3371 16Th Street, San Francisco, CA 94114","Private","Elementary/Middle School","","","","3.6","2025-26 CDE staffing proxy: inverse California percentile of students per estimated teacher FTE, scaled 1-10; not an official school quality rating","12.6 reported students per estimated teacher FTE","38684786981716","37.7644346","-122.4280505","3371 16TH ST","Exact DataSF address","DataSF Enterprise Addressing System","2026-09-21"
"My City School","855 27Th Ave., San Francisco, CA 94121","Private","K-12/Combined School","","","","9.6","2025-26 CDE staffing proxy: inverse California percentile of students per estimated teacher FTE, scaled 1-10; not an official school quality rating","1.8 reported students per estimated teacher FTE","38684786154702","37.7735232","-122.4868952","855 27TH AVE","Exact DataSF address","DataSF Enterprise Addressing System","2026-09-21"
"Nativity","360 9Th Ave, San Francisco, CA 94118","Private","High School","","","","7.7","2025-26 CDE staffing proxy: inverse California percentile of students per estimated teacher FTE, scaled 1-10; not an official school quality rating","5.9 reported students per estimated teacher FTE","38684786169627","37.7818323","-122.4670126","360 09TH AVE","DataSF normalized street match","DataSF Enterprise Addressing System","2026-09-21"
"Our Lady of the Visitacion Elementary","785 Sunnydale Ave, San Francisco, CA 94134","Private","Elementary/Middle School","","","","1.3","2025-26 CDE staffing proxy: inverse California percentile of students per estimated teacher FTE, scaled 1-10; not an official school quality rating","22.1 reported students per estimated teacher FTE","38684786981559","37.7091207","-122.4095424","785 SUNNYDALE AVE","Exact DataSF address","DataSF Enterprise Addressing System","2026-09-21"
"Presidio Hill School","3839 Washington Street, San Francisco, CA 94118","Private","Elementary/Middle School","","","","6.4","2025-26 CDE staffing proxy: inverse California percentile of students per estimated teacher FTE, scaled 1-10; not an official school quality rating","7.3 reported students per estimated teacher FTE","38684786205652","37.7885837","-122.4560599","3839 WASHINGTON ST","Exact DataSF address","DataSF Enterprise Addressing System","2026-09-21"
"Presidio Knolls School","250 10Th Street, San Francisco, CA 94103","Private","Elementary/Middle School","","","","9.1","2025-26 CDE staffing proxy: inverse California percentile of students per estimated teacher FTE, scaled 1-10; not an official school quality rating","3.2 reported students per estimated teacher FTE","38684786144034","37.77319","-122.4137055","250 10TH ST","Exact DataSF address","DataSF Enterprise Addressing System","2026-09-21"
"Proof School","973 Mission St, San Francisco, CA 94103","Private","Middle/High School","","","","7.8","2025-26 CDE staffing proxy: inverse California percentile of students per estimated teacher FTE, scaled 1-10; not an official school quality rating","5.7 reported students per estimated teacher FTE","38684786150254","37.7812921","-122.4080657","973 MISSION ST","Exact DataSF address","DataSF Enterprise Addressing System","2026-09-21"
"Red Bridge","2265 Third Street, San Francisco, CA 94107","Private","Elementary/Middle School","","","","7","2025-26 CDE staffing proxy: inverse California percentile of students per estimated teacher FTE, scaled 1-10; not an official school quality rating","6.5 reported students per estimated teacher FTE","38684786140974","37.7611772","-122.3881306","2265 03RD ST","DataSF normalized street match","DataSF Enterprise Addressing System","2026-09-21"
"Rise University Preparatory","1224 Fairfax Avenue, San Francisco, CA 94124","Private","High School","","","","7","2025-26 CDE staffing proxy: inverse California percentile of students per estimated teacher FTE, scaled 1-10; not an official school quality rating","6.5 reported students per estimated teacher FTE","38684786152532","37.7385275","-122.3820313","1224 FAIRFAX AVE","Exact DataSF address","DataSF Enterprise Addressing System","2026-09-21"
"Sacred Heart Cathedral Preparatory","1055 Ellis Street, San Francisco, CA 94109","Private","High School","","","","3.2","2025-26 CDE staffing proxy: inverse California percentile of students per estimated teacher FTE, scaled 1-10; not an official school quality rating","13.6 reported students per estimated teacher FTE","38684786939748","37.7832867","-122.4231877","1055 ELLIS ST","Exact DataSF address","DataSF Enterprise Addressing System","2026-09-21"
"Saint Brigid Academy","2250 Franklin St., San Francisco, CA 94109","Private","Elementary/Middle School","","","","8.3","2025-26 CDE staffing proxy: inverse California percentile of students per estimated teacher FTE, scaled 1-10; not an official school quality rating","4.8 reported students per estimated teacher FTE","38684786981682","37.7950898","-122.424829","2250 FRANKLIN ST","Exact DataSF address","DataSF Enterprise Addressing System","2026-09-21"
"Saint Monica School","5950 Geary Boulevard, San Francisco, CA 94121","Private","Elementary/Middle School","","","","3.5","2025-26 CDE staffing proxy: inverse California percentile of students per estimated teacher FTE, scaled 1-10; not an official school quality rating","12.9 reported students per estimated teacher FTE","38684786980585","37.7802921","-122.4831481","5950 GEARY BLVD, SAN FRANCISCO, CA, 94121","US Census address match","US Census Geocoder Public_AR_Current","2026-09-22"
"San Francisco Christian School","25 Whittier Street, San Francisco, CA 94112","Private","K-12/Combined School","","","","2.4","2025-26 CDE staffing proxy: inverse California percentile of students per estimated teacher FTE, scaled 1-10; not an official school quality rating","15.7 reported students per estimated teacher FTE","38684786980692","37.710037","-122.4477542","25 WHITTIER ST","Exact DataSF address","DataSF Enterprise Addressing System","2026-09-21"
"San Francisco Day School","350 Masonic Ave, San Francisco, CA 94118","Private","Elementary/Middle School","","","","6.9","2025-26 CDE staffing proxy: inverse California percentile of students per estimated teacher FTE, scaled 1-10; not an official school quality rating","6.7 reported students per estimated teacher FTE","38684786915748","37.7780425","-122.4462831","350 MASONIC AVE","Exact DataSF address","DataSF Enterprise Addressing System","2026-09-21"
"San Francisco Friends School","250 Valencia Street, San Francisco, CA 94103","Private","Elementary/Middle School","","","","6.8","2025-26 CDE staffing proxy: inverse California percentile of students per estimated teacher FTE, scaled 1-10; not an official school quality rating","6.8 reported students per estimated teacher FTE","38684786204762","37.768979","-122.4229082","250 VALENCIA ST","Exact DataSF address","DataSF Enterprise Addressing System","2026-09-21"
"San Francisco Islamic School","55 Farallones Ave, San Francisco, CA 94112","Private","Elementary/Middle School","","","","4.6","2025-26 CDE staffing proxy: inverse California percentile of students per estimated teacher FTE, scaled 1-10; not an official school quality rating","10.5 reported students per estimated teacher FTE","38684786158539","37.7139263","-122.4543789","55 FARALLONES ST","DataSF normalized street match","DataSF Enterprise Addressing System","2026-09-21"
"San Francisco Pacific Academy","3301 Balboa Street, San Francisco, CA 94121","Private","Elementary/Middle School","","","","8.1","2025-26 CDE staffing proxy: inverse California percentile of students per estimated teacher FTE, scaled 1-10; not an official school quality rating","5.3 reported students per estimated teacher FTE","38684786146054","37.7757248","-122.4942764","3301 BALBOA ST","Exact DataSF address","DataSF Enterprise Addressing System","2026-09-21"
"San Francisco School, The","300 Gaven Street, San Francisco, CA 94134","Private","Elementary/Middle School","","","","8.2","2025-26 CDE staffing proxy: inverse California percentile of students per estimated teacher FTE, scaled 1-10; not an official school quality rating","4.9 reported students per estimated teacher FTE","38684786980726","37.7327798","-122.4116979","300 GAVEN ST","Exact DataSF address","DataSF Enterprise Addressing System","2026-09-21"
"San Francisco Schoolhouse","735 Fell Street, San Francisco, CA 94117","Private","Elementary/Middle School","","","","7.1","2025-26 CDE staffing proxy: inverse California percentile of students per estimated teacher FTE, scaled 1-10; not an official school quality rating","6.3 reported students per estimated teacher FTE","38684786143952","37.7746997","-122.4301528","735 FELL ST","Exact DataSF address","DataSF Enterprise Addressing System","2026-09-21"
"San Francisco Waldorf School","2938 Washington St, San Francisco, CA 94115","Private","K-12/Combined School","","","","9.1","2025-26 CDE staffing proxy: inverse California percentile of students per estimated teacher FTE, scaled 1-10; not an official school quality rating","3.2 reported students per estimated teacher FTE","38684786907927","37.7907828","-122.4419102","2938 WASHINGTON ST","Exact DataSF address","DataSF Enterprise Addressing System","2026-09-21"
"School of the Epiphany","600 Italy Avenue, San Francisco, CA 94112","Private","Elementary/Middle School","","","","2.2","2025-26 CDE staffing proxy: inverse California percentile of students per estimated teacher FTE, scaled 1-10; not an official school quality rating","16.4 reported students per estimated teacher FTE","38684786980734","37.7159123","-122.43439","600 ITALY AVE","Exact DataSF address","DataSF Enterprise Addressing System","2026-09-21"
"St. Anne School","1320 14Th Avenue, San Francisco, CA 94122","Private","Elementary/Middle School","","","","5.6","2025-26 CDE staffing proxy: inverse California percentile of students per estimated teacher FTE, scaled 1-10; not an official school quality rating","8.5 reported students per estimated teacher FTE","38684786981658","37.7630235","-122.4712842","1320 14TH AVE","Exact DataSF address","DataSF Enterprise Addressing System","2026-09-21"
"St. Anthony–Immaculate Conception","299 Precita Avenue, San Francisco, CA 94110","Private","Elementary/Middle School","","","","2.8","2025-26 CDE staffing proxy: inverse California percentile of students per estimated teacher FTE, scaled 1-10; not an official school quality rating","14.6 reported students per estimated teacher FTE","38684786981666","37.747323","-122.4137846","299 PRECITA AVE","Exact DataSF address","DataSF Enterprise Addressing System","2026-09-21"
"St. Brendan Elementary","940 Laguna Honda Boulevard, San Francisco, CA 94127","Private","Elementary/Middle School","","","","2.3","2025-26 CDE staffing proxy: inverse California percentile of students per estimated teacher FTE, scaled 1-10; not an official school quality rating","16.3 reported students per estimated teacher FTE","38684786981674","37.7431285","-122.4556261","940 LAGUNA HONDA BLVD","Exact DataSF address","DataSF Enterprise Addressing System","2026-09-21"
"St. Cecilia Elementary","660 Vicente Street, San Francisco, CA 94116","Private","Elementary/Middle School","","","","1.8","2025-26 CDE staffing proxy: inverse California percentile of students per estimated teacher FTE, scaled 1-10; not an official school quality rating","18.1 reported students per estimated teacher FTE","38684786981690","37.7395017","-122.4739022","660 VICENTE ST","Exact DataSF address","DataSF Enterprise Addressing System","2026-09-21"
"St. Finn Barr Catholic School","419 Hearst Avenue, San Francisco, CA 94112","Private","Elementary/Middle School","","","","2.6","2025-26 CDE staffing proxy: inverse California percentile of students per estimated teacher FTE, scaled 1-10; not an official school quality rating","15.3 reported students per estimated teacher FTE","38684786981740","37.730445","-122.4474112","419 HEARST AVE","Exact DataSF address","DataSF Enterprise Addressing System","2026-09-21"
"St. Gabriel Elementary School","2550 41St Avenue, San Francisco, CA 94116","Private","Elementary/Middle School","","","","2.1","2025-26 CDE staffing proxy: inverse California percentile of students per estimated teacher FTE, scaled 1-10; not an official school quality rating","16.8 reported students per estimated teacher FTE","38684786981765","37.7395639","-122.4986346","2550 41ST AVE","Exact DataSF address","DataSF Enterprise Addressing System","2026-09-21"
"St. John the Evangelist","925 Chenery Street, San Francisco, CA 94131","Private","Elementary/Middle School","","","","5.6","2025-26 CDE staffing proxy: inverse California percentile of students per estimated teacher FTE, scaled 1-10; not an official school quality rating","8.6 reported students per estimated teacher FTE","38684786139893","37.7348868","-122.4375293","925 CHENERY ST","Exact DataSF address","DataSF Enterprise Addressing System","2026-09-21"
"St. Paul's","1690 Church Street, San Francisco, CA 94131","Private","Elementary/Middle School","","","","2.8","2025-26 CDE staffing proxy: inverse California percentile of students per estimated teacher FTE, scaled 1-10; not an official school quality rating","14.7 reported students per estimated teacher FTE","38684786980601","37.7439226","-122.4269266","1690 CHURCH ST","Exact DataSF address","DataSF Enterprise Addressing System","2026-09-21"
"St. Peter's School","1266 Florida Street, San Francisco, CA 94110","Private","Elementary/Middle School","","","","1.8","2025-26 CDE staffing proxy: inverse California percentile of students per estimated teacher FTE, scaled 1-10; not an official school quality rating","18.1 reported students per estimated teacher FTE","38684786980619","37.7517237","-122.4101083","1266 FLORIDA ST","Exact DataSF address","DataSF Enterprise Addressing System","2026-09-21"
"St. Philip School","665 Elizabeth Street, San Francisco, CA 94114","Private","Elementary/Middle School","","","","4.1","2025-26 CDE staffing proxy: inverse California percentile of students per estimated teacher FTE, scaled 1-10; not an official school quality rating","11.7 reported students per estimated teacher FTE","38684786980627","37.7517582","-122.4355377","665 ELIZABETH ST","Exact DataSF address","DataSF Enterprise Addressing System","2026-09-21"
"St. Stephen School","401 Eucalyptus Drive, San Francisco, CA 94132","Private","Elementary/Middle School","","","","2.1","2025-26 CDE staffing proxy: inverse California percentile of students per estimated teacher FTE, scaled 1-10; not an official school quality rating","16.7 reported students per estimated teacher FTE","38684786980643","37.7308068","-122.4772971","401 EUCALYPTUS DR","Exact DataSF address","DataSF Enterprise Addressing System","2026-09-21"
"St. Thomas More","50 Thomas More Way, San Francisco, CA 94132","Private","Elementary/Middle School","","","","2.1","2025-26 CDE staffing proxy: inverse California percentile of students per estimated teacher FTE, scaled 1-10; not an official school quality rating","16.9 reported students per estimated teacher FTE","38684786980650","37.7122538","-122.4731895","50 THOMAS MORE WAY","Exact DataSF address","DataSF Enterprise Addressing System","2026-09-21"
"St. Vincent de Paul School","2350 Green Street, San Francisco, CA 94123","Private","Elementary/Middle School","","","","2","2025-26 CDE staffing proxy: inverse California percentile of students per estimated teacher FTE, scaled 1-10; not an official school quality rating","17.1 reported students per estimated teacher FTE","38684786980676","37.7961123","-122.4378542","2350 GREEN ST","Exact DataSF address","DataSF Enterprise Addressing System","2026-09-21"
"Stella Maris Academy","360 9Th Ave, San Francisco, CA 94118","Private","Elementary/Middle School","","","","6.1","2025-26 CDE staffing proxy: inverse California percentile of students per estimated teacher FTE, scaled 1-10; not an official school quality rating","7.7 reported students per estimated teacher FTE","38684786162598","37.7818323","-122.4670126","360 09TH AVE","DataSF normalized street match","DataSF Enterprise Addressing System","2026-09-21"
"Sterne School","838 Kearny Street, San Francisco, CA 94108","Private","K-12/Combined School","","","","6.6","2025-26 CDE staffing proxy: inverse California percentile of students per estimated teacher FTE, scaled 1-10; not an official school quality rating","7.0 reported students per estimated teacher FTE","38684786999379","37.7959019","-122.4049107","838 KEARNY ST","Exact DataSF address","DataSF Enterprise Addressing System","2026-09-21"
"Stratford School","301 De Montfort Avenue, San Francisco, CA 94112","Private","Elementary School","","","","5.1","2025-26 CDE staffing proxy: inverse California percentile of students per estimated teacher FTE, scaled 1-10; not an official school quality rating","9.4 reported students per estimated teacher FTE","38684786135651","37.7235437","-122.4616314","301 DE MONTFORT AVE","Exact DataSF address","DataSF Enterprise Addressing System","2026-09-21"
"Stratford School","645 14Th Avenue, San Francisco, CA 94118","Private","Elementary School","","","","8.4","2025-26 CDE staffing proxy: inverse California percentile of students per estimated teacher FTE, scaled 1-10; not an official school quality rating","4.6 reported students per estimated teacher FTE","38684786159156","37.7759808","-122.4726468","645 14TH AVE","Exact DataSF address","DataSF Enterprise Addressing System","2026-09-21"
"Stratford School San Francisco","75 Francis Street, San Francisco, CA 94112","Private","Middle School","","","","5","2025-26 CDE staffing proxy: inverse California percentile of students per estimated teacher FTE, scaled 1-10; not an official school quality rating","9.7 reported students per estimated teacher FTE","38684786156640","37.7273408","-122.4351445","75 FRANCIS ST","Exact DataSF address","DataSF Enterprise Addressing System","2026-09-21"
"Sts. Peter and Paul Elementary","660 Filbert Street, San Francisco, CA 94133","Private","Elementary/Middle School","","","","4.1","2025-26 CDE staffing proxy: inverse California percentile of students per estimated teacher FTE, scaled 1-10; not an official school quality rating","11.5 reported students per estimated teacher FTE","38684786980684","37.8013698","-122.4103492","660 FILBERT ST","Exact DataSF address","DataSF Enterprise Addressing System","2026-09-21"
"Synergy School","1387 Valencia Street, San Francisco, CA 94110","Private","Elementary/Middle School","","","","4.8","2025-26 CDE staffing proxy: inverse California percentile of students per estimated teacher FTE, scaled 1-10; not an official school quality rating","10.1 reported students per estimated teacher FTE","38684786905913","37.750885","-122.4203283","1387 VALENCIA ST","Exact DataSF address","DataSF Enterprise Addressing System","2026-09-21"
"TCS","548 Market Street, No 41193, San Francisco, CA 94104","Private","K-12/Combined School","","","","10","2025-26 CDE staffing proxy: inverse California percentile of students per estimated teacher FTE, scaled 1-10; not an official school quality rating","0.5 reported students per estimated teacher FTE","38684786161921","37.7900566","-122.4007831","548 MARKET ST","Exact DataSF address","DataSF Enterprise Addressing System","2026-09-21"
"Terra San Francisco School","3801 Balboa St., San Francisco, CA 94121","Private","Elementary School","","","","8.6","2025-26 CDE staffing proxy: inverse California percentile of students per estimated teacher FTE, scaled 1-10; not an official school quality rating","4.2 reported students per estimated teacher FTE","38684786169163","37.775097","-122.4997732","3801 BALBOA ST","Exact DataSF address","DataSF Enterprise Addressing System","2026-09-21"
"The Bay School of San Francisco","35 Keyes Ave, San Francisco, CA 94129","Private","High School","","","","4.9","2025-26 CDE staffing proxy: inverse California percentile of students per estimated teacher FTE, scaled 1-10; not an official school quality rating","9.8 reported students per estimated teacher FTE","38684786138176","37.8005806","-122.4558194","35 KEYES AVE","Exact DataSF address","DataSF Enterprise Addressing System","2026-09-21"
"The Brandeis School of San Francisco","655 Brotherhood Way, San Francisco, CA 94132","Private","Elementary/Middle School","","","","6.4","2025-26 CDE staffing proxy: inverse California percentile of students per estimated teacher FTE, scaled 1-10; not an official school quality rating","7.3 reported students per estimated teacher FTE","38684786152565","37.7133993","-122.4751934","655 BROTHERHOOD WAY","Exact DataSF address","DataSF Enterprise Addressing System","2026-09-21"
"The International School of San Francisco","150 Oak Street, San Francisco, CA 94102","Private","K-12/Combined School","","","","6.2","2025-26 CDE staffing proxy: inverse California percentile of students per estimated teacher FTE, scaled 1-10; not an official school quality rating","7.6 reported students per estimated teacher FTE","38684786981195","37.7753339","-122.4216323","150 OAK ST","Exact DataSF address","DataSF Enterprise Addressing System","2026-09-21"
"The Neos Bayview Academy","950 Gilman Ave., San Francisco, CA 94124","Private","Elementary School","","","","7.1","2025-26 CDE staffing proxy: inverse California percentile of students per estimated teacher FTE, scaled 1-10; not an official school quality rating","6.4 reported students per estimated teacher FTE","38684786170989","37.7179053","-122.3871042","950 GILMAN AVE","Exact DataSF address","DataSF Enterprise Addressing System","2026-09-21"
"Town School for Boys","2750 Jackson Street, San Francisco, CA 94115","Private","Elementary/Middle School","","","","7.2","2025-26 CDE staffing proxy: inverse California percentile of students per estimated teacher FTE, scaled 1-10; not an official school quality rating","6.1 reported students per estimated teacher FTE","38684786980833","37.7920345","-122.4401294","2750 JACKSON ST","Exact DataSF address","DataSF Enterprise Addressing System","2026-09-21"
"Urban School of San Francisco","1563 Page Street, San Francisco, CA 94117","Private","High School","","","","5.4","2025-26 CDE staffing proxy: inverse California percentile of students per estimated teacher FTE, scaled 1-10; not an official school quality rating","8.9 reported students per estimated teacher FTE","38684786938930","37.7708317","-122.446349","1563 PAGE ST","Exact DataSF address","DataSF Enterprise Addressing System","2026-09-21"
"Urban Student Athlete Development Academy","799 Moscow St, San Francisco, CA 94112","Private","Middle School","","","","","2025-26 CDE staffing proxy: inverse California percentile of students per estimated teacher FTE, scaled 1-10; not an official school quality rating","No teachers reported; staffing proxy unavailable","38684786174122","37.7140459","-122.4292387","799 MOSCOW ST","Exact DataSF address; source ZIP differs","DataSF Enterprise Addressing System","2026-09-21"
"Wagner Learning Academy","50 Jones St. Apt #627, San Francisco, CA 94124","Private","Middle School","","","","5.2","2025-26 CDE staffing proxy: inverse California percentile of students per estimated teacher FTE, scaled 1-10; not an official school quality rating","9.3 reported students per estimated teacher FTE","38684786174940","37.7817632","-122.4120177","50 JONES ST","Exact DataSF address; source ZIP differs","DataSF Enterprise Addressing System","2026-09-21"
"Wen Jian Ying","259 Judson Avenue, San Francisco, CA 94112","Private","High School","","","","8.7","2025-26 CDE staffing proxy: inverse California percentile of students per estimated teacher FTE, scaled 1-10; not an official school quality rating","4.0 reported students per estimated teacher FTE","38684786203384","37.7280197","-122.447567","259 JUDSON AVE","Exact DataSF address","DataSF Enterprise Addressing System","2026-09-21"
"West Portal Lutheran School","200 Sloat Blvd, San Francisco, CA 94132","Private","Elementary/Middle School","","","","2.2","2025-26 CDE staffing proxy: inverse California percentile of students per estimated teacher FTE, scaled 1-10; not an official school quality rating","16.6 reported students per estimated teacher FTE","38684786980874","37.7350925","-122.4740028","200 SLOAT BLVD","Exact DataSF address","DataSF Enterprise Addressing System","2026-09-21"
"Zion Lutheran School","495 9Th Avenue, San Francisco, CA 94118","Private","Elementary/Middle School","","","","4.3","2025-26 CDE staffing proxy: inverse California percentile of students per estimated teacher FTE, scaled 1-10; not an official school quality rating","11.0 reported students per estimated teacher FTE","38684786980890","37.7792408","-122.4676334","495 09TH AVE","DataSF normalized street match","DataSF Enterprise Addressing System","2026-09-21"
